{"camera_matrix": [[686.2829816101233, 0.0, 632.0501483878452], [0.0, 641.7393648857837, 331.5859804039728], [0.0, 0.0, 1.0]], "dist_coeffs": [[-0.15330869078202147, -0.040991817818107144, 0.009726495417570495, 0.007319568207301245, 0.06379845315827289]], "new_camera_matrix": [[592.1769576516803, 0.0, 648.9178989749829], [0.0, 549.5443425778137, 343.6784568088473], [0.0, 0.0, 1.0]], "roi": {"x": 30, "y": 40, "w": 1224, "h": 651}, "transform_matrix": [[-0.9752212644053564, -0.014420931397469089, -0.2207612334384079, -54.64843502411142], [0.01714604293251146, -0.9997985645955448, -0.01043280616347212, -25.987130619236744], [-0.2205663135280957, -0.013959476004406406, 0.9752720822243955, -6.863872157956467], [0.0, 0.0, 0.0, 1.0]], "overall_center_offset": {"x": 0.0, "y": 0.0, "angle": 268.41663448199824}, "scale_factors": {"x": 1.0, "y": 1.0}, "cell_center_offsets": [{"reference_point_x": -56.25, "reference_point_y": -26.25, "x_offset": 0.0, "y_offset": 0.0, "angle_offset": 0.0}]}