{"camera_matrix": [[1819.5295917999422, 0.0, 821.233962483525], [0.0, 1919.2255601594222, 356.3411431661444], [0.0, 0.0, 1.0]], "dist_coeffs": [[0.6499480043317688, -3.4891646065639943, -0.013867448996698784, 0.04670937921814768, 13.93634636214229]], "new_camera_matrix": [[1897.1712971249544, 0.0, 829.2042999134547], [0.0, 1944.9240705961379, 353.477457589868], [0.0, 0.0, 1.0]], "roi": {"x": 18, "y": 24, "w": 1253, "h": 677}, "transform_matrix": [[0.9912289536557483, 0.12496207734714206, -0.04300744888525156, -35.430517929159656], [-0.13210411624745633, 0.9278034187564993, -0.34889728949109133, -3.3860378253617816], [-0.0036964719678621565, 0.3515185562226249, 0.9361736167646215, -36.59006694765328], [0.0, 0.0, 0.0, 1.0]], "overall_center_offset": {"x": 0.04099999999999682, "y": -0.04100000000000037, "angle": 279.05762674893344}, "scale_factors": {"x": 1.0, "y": 1.0}, "cell_center_offsets": [{"reference_point_x": -41.291, "reference_point_y": -18.709, "x_offset": 0.0, "y_offset": 0.0, "angle_offset": 0.0}]}